cen_id,cen_name,type,bar_id
2,CIPRESES,hidraulica_embalse,123
3,PEHUENCHE,hidraulica_embalse,170
4,COLBUN,hidraulica_embalse,128
5,ELTORO,hidraulica_embalse,102
6,RAPEL,hidraulica_embalse,187
7,CANUTILLAR,hidraulica_embalse,110
8,RALCO,hidraulica_embalse,185
9,PANGUE,hidraulica_embalse,167
10,PILMAIQUEN,hidraulica_pasada,184
11,LOS_CONDORES,hidraulica_serie,99
13,LA_MINA,hidraulica_serie,170
16,OJOS_DE_AGUA,hidraulica_serie,123
18,ISLA,hidraulica_serie,123
19,CURILLINQUE,hidraulica_serie,123
20,LOMA_ALTA,hidraulica_serie,170
24,LOS_HIERROS,hidraulica_serie,170
25,LOS_HIERROS_2,hidraulica_serie,170
26,ANCOA,hidraulica_serie,148
27,ROBLERIA,hidraulica_serie,148
35,CHIBURGO,hidraulica_serie,128
37,SAN_CLEMENTE,hidraulica_serie,128
39,MACHICURA,hidraulica_serie,128
41,SAN_IGNACIO,hidraulica_serie,204
43,ABANICO,hidraulica_serie,113
44,ANTUCO,hidraulica_serie,102
49,RUCUE,hidraulica_serie,190
50,QUILLECO,hidraulica_serie,190
54,LAJA_I,hidraulica_serie,114
56,EL_DIUTO,hidraulica_serie,113
58,HORNITOS_CH,hidraulica_serie,178
59,JUNCAL,hidraulica_serie,178
61,BLANCO,hidraulica_serie,178
64,LOS_QUILOS,hidraulica_serie,178
66,CHACABUQUITO,hidraulica_serie,178
68,PALMUCHO,hidraulica_serie,185
69,ANGOSTURA,hidraulica_serie,101
74,LA_HIGUERA,hidraulica_serie,177
79,LA_CONFLUENCIA,hidraulica_serie,177
83,CHACAYES,hidraulica_serie,195
84,RUCATAYO,hidraulica_pasada,172
85,LOS_LAGOS,hidraulica_pasada,172
86,LOS_MOLLES,hidraulica_pasada,36
87,SANTA_ELENA,hidraulica_pasada,216
88,VOLCAN,hidraulica_pasada,139
89,QUELTEHUES,hidraulica_pasada,139
90,FLORIDA_1,hidraulica_pasada,139
91,FLORIDA_2,hidraulica_pasada,139
92,FLORIDA_3,hidraulica_pasada,139
93,SAUCEANDES,hidraulica_pasada,178
94,PEHUI,hidraulica_pasada,184
95,CHANLEUFU,hidraulica_pasada,184
96,TRANQUIL,hidraulica_pasada,184
97,LOS_MORROS,hidraulica_pasada,91
98,MAITENES,hidraulica_pasada,139
99,PUNTILLA,hidraulica_pasada,139
100,LAS_VERTIENTES,hidraulica_pasada,139
101,EL_LLANO,hidraulica_pasada,139
102,ALFALFAL,hidraulica_pasada,95
103,SAUZAL,hidraulica_pasada,196
104,SAUZALITO,hidraulica_pasada,196
105,PEUCHEN,hidraulica_pasada,190
106,MAMPIL,hidraulica_pasada,190
107,PULLINQUE,hidraulica_pasada,216
108,CAPULLO,hidraulica_pasada,184
109,EYZAGUIRRE,hidraulica_pasada,139
110,COYA,hidraulica_pasada,196
111,LA_PALOMA,hidraulica_pasada,36
112,PUCLARO,hidraulica_pasada,75
113,LICAN,hidraulica_pasada,184
114,EL_PASO,hidraulica_pasada,177
115,RIO_TRUENO,hidraulica_pasada,206
116,GUAYACAN,hidraulica_pasada,139
117,PULELFU,hidraulica_pasada,184
118,MARIPOSAS,hidraulica_pasada,156
119,EL_MANZANO,hidraulica_pasada,206
120,HIDRO_BONITO_MC1,hidraulica_pasada,184
121,HIDRO_BONITO_MC2,hidraulica_pasada,184
122,RIO_PICOIQUEN,hidraulica_pasada,113
123,ITATA,hidraulica_pasada,118
124,RIO_COLORADO,hidraulica_pasada,170
125,LIRCAY,hidraulica_pasada,156
126,SAN_ANDRES,hidraulica_pasada,177
127,LA_ARENA,hidraulica_pasada,176
128,MUCHI,hidraulica_pasada,184
129,MALLARAUCO,hidraulica_pasada,98
130,PROVIDENCIA,hidraulica_pasada,156
131,ALLIPEN,hidraulica_pasada,206
132,EL_CANELO,hidraulica_pasada,206
133,LOS_BAJOS,hidraulica_pasada,108
134,AUX_DEL_MAIPO,hidraulica_pasada,108
135,DONGO,hidraulica_pasada,122
136,PURISIMA,hidraulica_pasada,144
137,CARENA,hidraulica_pasada,93
138,RECA,hidraulica_pasada,216
139,DON_WALTERIO,hidraulica_pasada,184
140,RENAICO,hidraulica_pasada,113
141,ALTO_RENAICO,hidraulica_pasada,113
142,TRAILELFU,hidraulica_pasada,205
143,NALCAS,hidraulica_pasada,184
144,CALLAO,hidraulica_pasada,184
145,ENSENADA,hidraulica_pasada,176
146,RIO_HUASCO,hidraulica_pasada,54
147,LLAUQUEREO,hidraulica_pasada,190
148,NUBLE,hidraulica_pasada,99
149,LAS_LAJAS,hidraulica_pasada,139
150,ALFALFAL_2,hidraulica_pasada,97
151,LAS_NIEVES,hidraulica_pasada,111
152,LOS_PADRES,hidraulica_pasada,190
153,CUMBRES,hidraulica_pasada,184
154,CONVENTO_VIEJO,hidraulica_pasada,144
155,LA_MONTANA_1,hidraulica_pasada,207
156,CUMPEO,hidraulica_pasada,144
157,EL_AGRIO,hidraulica_pasada,147
158,EL_GALPON,hidraulica_pasada,144
159,MELO,hidraulica_pasada,113
160,CALIBORO,hidraulica_pasada,113
161,SANTA_ISABEL,hidraulica_pasada,205
162,LA_MONTANA_2,hidraulica_pasada,207
163,TRUFUL-TRUFUL,hidraulica_pasada,206
164,DONGUIL,hidraulica_pasada,206
165,COLLIL,hidraulica_pasada,122
166,EL_MIRADOR,hidraulica_pasada,114
167,MARIA_ELENA,hidraulica_pasada,184
168,EL_ARRAYAN,hidraulica_pasada,184
169,PIUTEL,hidraulica_pasada,216
170,DOS_VALLES,hidraulica_pasada,177
171,PALACIOS,hidraulica_pasada,177
172,EL_COLORADO,hidraulica_pasada,176
173,MSA_1,hidraulica_pasada,216
174,MALALCAHUELLO,hidraulica_pasada,189
175,CARILAFQUEN,hidraulica_pasada,189
176,MOLINERA_VILLARRICA,hidraulica_pasada,205
177,MAISAN,hidraulica_pasada,206
178,LOS_CORRALES_1,hidraulica_pasada,184
179,LOS_CORRALES_2,hidraulica_pasada,184
181,CHAPIQUINA,hidraulica_pasada,6
182,EL_RINCON,hidraulica_pasada,139
183,QUILLAILEO,hidraulica_pasada,159
184,MULCHEN,hidraulica_pasada,159
185,LA_VINA,hidraulica_pasada,159
186,EL_TARTARO,hidraulica_pasada,178
187,LAS_FLORES,hidraulica_pasada,184
188,PICHILONCO,hidraulica_pasada,184
189,BOQUIAMARGO,hidraulica_pasada,114
190,DOSAL,hidraulica_pasada,207
191,PANGUIPULLI,hidraulica_pasada,216
192,CONTRA,hidraulica_pasada,184
193,CURILEUFU,hidraulica_pasada,184
194,BUREO,hidraulica_pasada,159
195,MUNILQUE_1,hidraulica_pasada,113
196,MUNILQUE_2,hidraulica_pasada,113
197,BIFURCADA,hidraulica_pasada,159
198,EL_BRINCO,hidraulica_pasada,159
199,PALMAR,hidraulica_pasada,184
200,CORRENTOSO,hidraulica_pasada,184
201,EL_PINAR,hidraulica_pasada,121
202,DONA_HILDA,hidraulica_pasada,206
203,CIPRESILLOS,hidraulica_pasada,196
204,DIGUA,hidraulica_pasada,99
205,HIDROMOCHO,hidraulica_pasada,184
206,AILLIN,hidraulica_pasada,190
207,EL_ATAJO,hidraulica_pasada,101
208,CORRALES,hidraulica_pasada,211
209,COMPANIA_2,hidraulica_pasada,169
210,PUNTA_DEL_VIENTO,hidraulica_pasada,211
211,COSAPILLA,hidraulica_pasada,71
212,DOS_VALLES_AMPL,hidraulica_pasada,177
213,CAVANCHA,hidraulica_pasada,71
214,ALTO_HOSPICIO,hidraulica_pasada,20
215,EL_TORO_N2,hidraulica_pasada,20
216,SANTA_ROSA,hidraulica_pasada,20
217,TRUPAN,hidraulica_pasada,113
218,LA_CONFIANZA,hidraulica_pasada,190
219,ALTO_BONITO,hidraulica_pasada,184
220,CHILCO,hidraulica_pasada,173
226,VALLE_DE_LOS_VIENTOS_EO,eolica,82
227,SIERRA_GORDA_EO,eolica,37
228,LEBU_EO,eolica,141
229,LEBU_3_EO,eolica,141
230,LAS_PENAS_EO,eolica,141
231,HUAJACHE_EO,eolica,141
232,RAKI_EO,eolica,141
233,TALINAY_ORIENTE_EO,eolica,85
234,TALINAY_PONIENTE_EO,eolica,85
235,EL_ARRAYAN_EO,eolica,31
236,TOTORAL_EO,eolica,52
237,PUNTA_COLORADA_EO,eolica,77
238,LOS_BUENOS_AIRES_EO,eolica,113
239,UCUQUER_EO,eolica,187
240,UCUQUER_2_EO,eolica,187
241,CANELA_EO,eolica,52
242,CANELA_2_EO,eolica,52
243,MONTE_REDONDO_EO,eolica,61
244,AURORA_EO,eolica,209
245,SARCO_EO,eolica,55
246,CABO_LEONES_1_EO,eolica,55
247,PUNTA_SIERRA_EO,eolica,79
248,SAN_JUAN_EO,eolica,77
249,CUEL_EO,eolica,113
250,LA_ESPERANZA_EO,eolica,113
251,LA_FLOR_EO,eolica,113
252,EL_MAITEN_EO,eolica,112
253,RENAICO_EO,eolica,206
254,SAN_PEDRO_EO,eolica,119
255,SAN_PEDRO_2_EO,eolica,119
256,LOS_CURUROS_EO,eolica,46
257,PUNTA_PALMERAS_EO,eolica,52
258,SAN_GABRIEL_EO,eolica,159
259,EL_ARREBOL_EO,eolica,141
260,TALTAL_EO,eolica,74
261,EL_NOGAL_EO,eolica,159
262,TOLPAN_SUR_EO,eolica,159
263,CABO_LEONES_2_EO,eolica,55
264,CABO_LEONES_3_EO,eolica,55
265,TCHAMMA_EO,eolica,22
266,NEGRETE_EO,eolica,113
267,CALAMA_EO,eolica,82
268,MESAMAVIDA_EO,eolica,113
269,CERRO_TIGRE_EO,eolica,69
270,MALLECO_SUR_EO,eolica,159
271,MALLECO_NORTE_EO,eolica,159
272,ALENA_EO,eolica,113
273,LOS_OLMOS_EO,eolica,159
274,LA_ESTRELLA_EO,eolica,187
277,OCHS_EO,eolica,184
278,PUELCHE_SUR_EO,eolica,209
279,EL_CRUCE_EO,eolica,184
280,LLANOS_DEL_VIENTO_EO,eolica,69
281,LOMAS_DE_DUQUECO_EO,eolica,206
282,CAMAN_EO,eolica,124
283,PUNTA_DE_TALCA_EO,eolica,46
284,SAN_RARINCO_EO,eolica,114
286,CARDONAL_EO,eolica,187
287,MANANTIALES_EO,eolica,187
297,POZO_ALMONTE_3_FV,solar_fv,71
298,MARIA_ELENA_FV,solar_fv,57
299,LOS_PUQUIOS_FV,solar_fv,71
300,PICA_FV,solar_fv,71
301,POZO_ALMONTE_1_FV,solar_fv,71
302,JAMA_1_FV,solar_fv,82
303,JAMA_2_FV,solar_fv,82
304,PAMPA_CAMARONES_FV,solar_fv,6
305,HORNITOS_FV,solar_fv,12
306,URIBE_SOLAR_FV,solar_fv,38
307,CERRO_DOMINADOR_FV,solar_fv,22
308,ANDES_FV,solar_fv,2
309,BOLERO_1_FV,solar_fv,45
310,FINIS_TERRAE_FV,solar_fv,22
311,HUATACONDO_FV,solar_fv,66
312,EL_AGUILA_FV,solar_fv,6
313,POZO_ALMONTE_2_FV,solar_fv,71
314,LA_HUAYCA_2_FV,solar_fv,71
315,CALAMA_1_FV,solar_fv,82
316,PUERTO_SECO_FV,solar_fv,82
317,CERRO_PABELLON_U1,geotermia,19
318,CERRO_PABELLON_U2,geotermia,19
319,CERRO_PABELLON_U3,geotermia,19
320,ESPERANZA_FV,solar_fv,187
321,CHANARES_FV,solar_fv,25
322,LLANO_DE_LLAMPOS_FV,solar_fv,13
323,LAS_TERRAZAS_FV,solar_fv,12
324,LUZ_DEL_NORTE_FV,solar_fv,21
325,DIEGO_DE_ALMAGRO_FV,solar_fv,25
326,JAVIERA_FV,solar_fv,25
327,ALTURAS_DE_OVALLE_FV,solar_fv,36
328,CHUCHINI_FV,solar_fv,36
329,SANTA_CECILIA_FV,solar_fv,54
330,LA_SILLA_FV,solar_fv,54
331,PAMPA_SOLAR_NORTE_FV,solar_fv,9
332,CONEJO_FV,solar_fv,41
333,LALACKAMA_FV,solar_fv,41
334,LALACKAMA_2_FV,solar_fv,41
335,PILAR_LOS_AMARILLOS_FV,solar_fv,25
336,LOS_LOROS_FV,solar_fv,12
337,LOMAS_COLORADAS_FV,solar_fv,36
338,TAMBO_REAL_FV,solar_fv,75
339,SDGx01_FV,solar_fv,75
340,LOMA_LOS_COLORADOS_FV,solar_fv,180
341,SAN_ANDRES_FV,solar_fv,21
342,CARRERA_PINTO_FV,solar_fv,21
343,QUILAPILUN_FV,solar_fv,178
344,SALVADOR_FV,solar_fv,25
345,EL_ROMERO_FV,solar_fv,32
346,LUNA_DEL_NORTE_FV,solar_fv,75
347,SOL_DEL_NORTE_FV,solar_fv,75
348,LAGUNILLA_FV,solar_fv,36
349,EL_PELICANO_FV,solar_fv,32
350,DONA_CARMEN_FV,solar_fv,30
351,SANTIAGO_SOLAR_FV,solar_fv,180
352,EL_DIVISADERO_FV,solar_fv,36
353,SANTA_JULIA_FV,solar_fv,53
354,NILHUE_FV,solar_fv,178
355,TIL_TIL_FV,solar_fv,152
356,CABILSOL_FV,solar_fv,53
357,EL_QUEMADO_FV,solar_fv,53
358,PANQUEHUE_2_FV,solar_fv,152
359,LA_FRONTERA_FV,solar_fv,144
360,HORMIGA_FV,solar_fv,178
361,SAN_PEDRO_FV,solar_fv,98
362,CINTAC_FV,solar_fv,116
363,EL_BOCO_FV,solar_fv,152
364,LA_CHAPEANA_FV,solar_fv,36
365,LAS_MOLLACAS_FV,solar_fv,36
366,BELLAVISTA_FV,solar_fv,36
367,EL_SAUCE_FV,solar_fv,36
368,ESPERANZA_2_FV,solar_fv,187
369,MARCHIGUE_2_FV,solar_fv,187
370,CUZCUZ_FV,solar_fv,36
371,LAS_TURCAS_FV,solar_fv,98
372,PILOTO_CARDONES_FV,solar_fv,13
373,VALLE_DE_LA_LUNA_2_FV,solar_fv,106
374,DON_EUGENIO_FV,solar_fv,186
375,LA_QUINTA_FV,solar_fv,139
376,SAN_FRANCISCO_FV,solar_fv,180
377,EL_QUELTEHUE_FV,solar_fv,98
378,ANTAY_FV,solar_fv,13
379,EL_ROBLE_FV,solar_fv,187
380,HOMERO_FV,solar_fv,199
381,EL_PILPEN_FV,solar_fv,98
382,CHIMBARONGO_FV,solar_fv,211
383,FRANCISCO_FV,solar_fv,199
384,EL_CERNICALO_1_FV,solar_fv,168
385,EL_CERNICALO_2_FV,solar_fv,168
386,LOS_GORRIONES_FV,solar_fv,168
387,CHANCON_FV,solar_fv,199
388,ESTERO_FV,solar_fv,199
389,LUNA_FV,solar_fv,199
390,OVEJERIA_FV,solar_fv,139
391,CORDILLERILLA_FV,solar_fv,144
392,ALTOS_DEL_PAICO_FV,solar_fv,98
393,TECHOS_DE_ALTAMIRA_FV,solar_fv,139
394,SANTUARIO_FV,solar_fv,178
395,LA_MANGA_1_FV,solar_fv,187
396,EL_PITIO_FV,solar_fv,148
397,PORTEZUELO_FV,solar_fv,187
398,PERALILLO_FV,solar_fv,207
399,MOSTAZAL_FV,solar_fv,199
400,AMPARO_DEL_SOL_FV,solar_fv,36
401,LA_ACACIA_FV,solar_fv,154
402,CATAN_SOLAR_FV,solar_fv,178
403,LOS_PATOS_FV,solar_fv,144
404,LOS_LIBERTADORES_FV,solar_fv,169
405,LUDERS_FV,solar_fv,199
406,LAS_PALOMAS_FV,solar_fv,118
407,TALHUEN_FV,solar_fv,36
408,VILLA_PRAT_FV,solar_fv,144
409,MALAQUITA_SOLAR_FV,solar_fv,12
410,CACHIYUYO_FV,solar_fv,12
411,VALLE_SOLAR_ESTE_FV,solar_fv,12
412,VALLE_SOLAR_OESTE_FV,solar_fv,12
413,MARIN_FV,solar_fv,178
414,QUEULE_FV,solar_fv,186
415,EL_PIQUERO_FV,solar_fv,105
416,DAS_FV,solar_fv,25
417,CHINCOL_FV,solar_fv,168
418,PICURIO_FV,solar_fv,207
419,ALICAHUE_FV,solar_fv,53
420,SANTA_LAURA_FV,solar_fv,53
421,OLIVILLO_FV,solar_fv,152
422,RODEO_FV,solar_fv,105
423,LA_BLANQUINA_1_FV,solar_fv,199
424,LAS_PERDICES_FV,solar_fv,204
425,TRICA_DOS_FV,solar_fv,204
426,LAS_CODORNICES_FV,solar_fv,168
427,CHALINGA_FV,solar_fv,36
428,NORTE_CHICO_1_FV,solar_fv,53
429,DONIHUE_FV,solar_fv,186
430,ROVIAN_FV,solar_fv,211
431,ARIZTIA_FV,solar_fv,53
432,CALLE_LARGA_FV,solar_fv,178
433,ENCON_SOLAR_FV,solar_fv,178
434,ALTO_SOLAR_FV,solar_fv,187
435,UTFSM_VITACURA_FV,solar_fv,96
436,UTFSM_SAN_JOAQUIN_FV,solar_fv,163
437,UTFSM_VINA_DEL_MAR_FV,solar_fv,157
439,UTFSM_VALPARAISO_FV,solar_fv,157
440,VITUCO_2B_FV,solar_fv,154
441,POBLACION_FV,solar_fv,187
442,OCOA_FV,solar_fv,152
443,LAUREL_FV,solar_fv,98
445,CRUCERO_FV,solar_fv,187
446,RANGUIL_FV,solar_fv,144
447,PIRQUE_FV,solar_fv,139
448,SANTA_CLARA_FV,solar_fv,36
449,LIPANGUE_FV,solar_fv,188
451,SANTA_ISABEL_FV,solar_fv,48
452,ALTOS_TILTIL_FV,solar_fv,180
453,CANESA_1_FV,solar_fv,36
454,SANTA_ADRIANA_FV,solar_fv,98
455,SANTA_ROSA_FV,solar_fv,187
456,LA_LAJUELA_FV,solar_fv,199
457,LOS_PERALES_FV,solar_fv,182
458,ILLAPEL_5_FV,solar_fv,36
459,CASUTO_FV,solar_fv,178
460,PAMA_FV,solar_fv,36
461,PEDREROS_FV,solar_fv,105
462,SAN_ISIDRO_FV,solar_fv,199
463,JAURURO_FV,solar_fv,53
464,TRICAHUE_2_FV,solar_fv,199
465,ALMEYDA_FV,solar_fv,25
466,MONTT_SOLAR_FV,solar_fv,53
467,PSF_LO_SIERRA_FV,solar_fv,98
468,NIQUEN_FV,solar_fv,168
469,MARCHIGUE_7_FV,solar_fv,187
470,TALCA_FV,solar_fv,204
471,PLACILLA_FV,solar_fv,211
472,PARAGUAY_FV,solar_fv,144
473,LAS_LECHUZAS_FV,solar_fv,118
474,LUCE_SOLAR_FV,solar_fv,118
475,LO_MIRANDA_FV,solar_fv,186
476,VILLA_CRUZ_FV,solar_fv,200
477,LORETO_FV,solar_fv,154
478,RINCONADA_FV,solar_fv,154
479,PEPA_SOLAR_1_FV,solar_fv,165
480,ATACAMA_SOLAR_2_FV,solar_fv,48
481,RLA_FV,solar_fv,98
482,KAUFMANN_FV,solar_fv,106
483,TUCUQUERE_FV,solar_fv,105
484,GRANJA_FV,solar_fv,48
485,DARLIN_FV,solar_fv,165
486,ANDES_2A_FV,solar_fv,2
487,VILLA_SECA_FV,solar_fv,148
488,KONDA_FV,solar_fv,178
489,CITRINO_FV,solar_fv,116
490,LAS_CHACRAS_FV,solar_fv,187
491,DON_MARIANO_FV,solar_fv,211
492,LA_ESTANCIA_FV,solar_fv,187
493,RAUQUEN_FV,solar_fv,207
494,CARDONES_FV,solar_fv,54
495,LA_LIGUA_FV,solar_fv,53
496,CAIMI_FV,solar_fv,152
497,PILPILEN_FV,solar_fv,187
498,ECLIPSE_FV,solar_fv,98
501,CANDELARIA_FV,solar_fv,199
502,USYA_FV,solar_fv,82
503,EL_SALITRAL_FV,solar_fv,36
504,J_SOLER_M_FV,solar_fv,207
505,BELLAVISTA_1_FV,solar_fv,48
506,LOS_GIRASOLES_FV,solar_fv,125
507,LEMU_FV,solar_fv,200
508,PULLALLI_FV,solar_fv,53
509,LAS_ROJAS_FV,solar_fv,75
510,LLANOS_DE_POTROSO_FV,solar_fv,75
511,VILLA_FV,solar_fv,144
512,GUADALAO_FV,solar_fv,187
513,NUEVO_QUILLAGUA_FV,solar_fv,57
514,LA_HUELLA_FV,solar_fv,32
515,SOL_DEL_NORTE_ANDES_FV,solar_fv,2
516,LOS_ANDES_FV,solar_fv,2
517,ANTONIA_FV,solar_fv,154
518,CHACABUCO_FV,solar_fv,178
519,SANTA_AMELIA_FV,solar_fv,154
520,ARGOMEDO_FV,solar_fv,208
521,SAN_PEDRO_GPG_FV,solar_fv,82
522,RIO_ESCONDIDO_FV,solar_fv,13
523,CAMPOS_DEL_SOL_FV,solar_fv,21
524,VILLA_ALEGRE_FV,solar_fv,200
525,SANTA_FE_FV,solar_fv,200
526,CHUCAO_FV,solar_fv,168
527,VICTORIA_FV,solar_fv,82
528,LOS_PALTOS_FV,solar_fv,53
529,MARIA_PINTO_FV,solar_fv,98
530,TREBAL_SOLAR_FV,solar_fv,194
531,JAHUEL_FV,solar_fv,178
532,CATEMU_FV,solar_fv,105
533,CAPRICORNIO_FV,solar_fv,10
534,AZABACHE_FV,solar_fv,3
535,MALGARIDA_FV,solar_fv,24
536,PITOTOY_FV,solar_fv,154
537,QUELTEHUE_FV,solar_fv,154
538,EL_RESPLANDOR_FV,solar_fv,112
539,LA_CHIMBA_BIS_FV,solar_fv,36
540,COCHARCAS_FV,solar_fv,118
541,FILOMENA_FV,solar_fv,178
542,COVADONGA_FV,solar_fv,25
543,GRANADA_FV,solar_fv,148
545,SOL_DE_DESIERTO_FV,solar_fv,57
546,PUENTE_FV,solar_fv,116
547,QUILLAY_FV,solar_fv,98
548,LIRIO_DE_CAMPO_FV,solar_fv,98
549,LUMBRERAS_FV,solar_fv,98
550,GUANACO_1_FV,solar_fv,91
552,LINGUE_FV,solar_fv,105
553,SOL_DE_SEPTIEMBRE_FV,solar_fv,188
554,PAINE_FV,solar_fv,82
555,COCINILLAS_FV,solar_fv,36
556,CANELILLO_FV,solar_fv,36
558,PAMPA_TIGRE_FV,solar_fv,69
559,VALLE_ESCONDIDO_FV,solar_fv,13
560,SOL_DE_ATACAMA_FV,solar_fv,12
561,LA_CRUZ_SOLAR_FV,solar_fv,22
562,SOL_DE_LILA_FV,solar_fv,2
563,COYA_FV,solar_fv,22
564,DON_ANDRONICO_FV,solar_fv,108
565,PLAYERO_FV,solar_fv,168
566,PLAYERITO_FV,solar_fv,168
567,CARACAS_2_FV,solar_fv,53
568,DOMEYKO_FV,solar_fv,29
569,EL_CONDOR_FV,solar_fv,207
570,SANTA_INES_FV,solar_fv,180
571,DEL_DESIERTO_FV,solar_fv,2
572,LOS_TILOS_FV,solar_fv,152
573,LO_BOZA_FV,solar_fv,188
574,SOL_DE_LOS_ANDES_FV,solar_fv,25
575,LAS_TORCAZAS_FV,solar_fv,187
576,EL_FLAMENCO_FV,solar_fv,144
577,EL_ZORZAL_FV,solar_fv,144
578,LAS_TORTOLAS_FV,solar_fv,118
579,PITRA_FV,solar_fv,105
580,DON_JORGE_FV,solar_fv,187
581,EL_PIUQUEN_FV,solar_fv,118
583,PENAFLOR_1_FV,solar_fv,91
584,QUINANTU_FV,solar_fv,204
585,SAN_RAMIRO_FV,solar_fv,187
586,BICENTENARIO_FV,solar_fv,168
587,LAS_TENCAS_FV,solar_fv,154
588,TAMARUGO_FV,solar_fv,186
589,MERCURIO_SUR_FV,solar_fv,148
590,SATURNO_NORTE_FV,solar_fv,148
591,HUAPE_FV,solar_fv,118
592,EL_TRILE_FV,solar_fv,148
593,CORRALES_DEL_VERANO_FV,solar_fv,91
594,RUCASOL_FV,solar_fv,180
595,WILLKA_FV,solar_fv,20
596,SAN_JAVIER_FV,solar_fv,204
597,LOS_LAGOS_FV,solar_fv,186
598,LAS_CABRAS_FV,solar_fv,186
599,LAS_MAJADAS_FV,solar_fv,36
600,SLK_808_FV,solar_fv,178
601,BERRUECO_FV,solar_fv,118
602,CASABERMEJA_FV,solar_fv,125
603,LA_FORESTA_FV,solar_fv,187
604,OVALLE_NORTE_FV,solar_fv,181
605,MECO_CHILLAN_FV,solar_fv,118
606,VENTURADA_FV,solar_fv,118
607,EL_ROMERAL_FV,solar_fv,211
608,MALINKE_FV,solar_fv,98
609,TRINIDAD_FV,solar_fv,98
610,NAHUEN_FV,solar_fv,98
611,LLAY_LLAY_FV,solar_fv,152
613,CORTIJO_FV,solar_fv,112
614,TAMAYA_FV,solar_fv,86
615,CHICAUMA_VERANO_FV,solar_fv,106
616,FUSTER_DEL_VERANO_FV,solar_fv,106
617,SANTA_RITA_FV,solar_fv,118
618,SAN_CAMILO_FV,solar_fv,144
619,PEGASUS_FV,solar_fv,118
620,SANTA_ESTER_FV,solar_fv,118
621,SOL_SANTA_INES_FV,solar_fv,135
622,CURACAVI_FV,solar_fv,149
623,DADINCO_FV,solar_fv,118
624,ORION_FV,solar_fv,118
625,LA_PALMA_FV,solar_fv,118
626,LINARES_SOLAR_FV,solar_fv,148
627,LAS_CATITAS_FV,solar_fv,148
628,LOS_TORDOS_FV,solar_fv,204
629,MOYA_FV,solar_fv,112
630,VALLE_DEL_SOL_FV,solar_fv,60
631,SANTA_CAROLINA_FV,solar_fv,211
632,PASTRAN_FV,solar_fv,155
633,SOL_DE_VARAS_FV,solar_fv,21
635,MEMBRILLO_FV,solar_fv,207
636,SALERNO_FV,solar_fv,98
638,AVILES_FV,solar_fv,187
639,VICENTE_FV,solar_fv,139
640,ESFENA_FV,solar_fv,53
641,ASTILLAS_FV,solar_fv,54
642,CONDOR_PELVIN_FV,solar_fv,116
643,MESETA_DE_LOS_ANDES_FV,solar_fv,178
646,CEME1_FV,solar_fv,60
647,PUNTA_DEL_VIENTO_FV,solar_fv,77
649,LA_MURALLA_FV,solar_fv,186
650,ALCALDESA_FV,solar_fv,118
651,ICB_FV,solar_fv,136
652,ESCORIAL_VERANO_FV,solar_fv,152
653,GR_PITAO_FV,solar_fv,207
654,CURICURA_FV,solar_fv,207
655,PENCAHUE_ESTE_FV,solar_fv,144
656,ALHUE_FV,solar_fv,187
657,MUTUPIN_FV,solar_fv,168
658,TECHOS_WATTS_FV,solar_fv,116
659,SAN_JAVIER_1_FV,solar_fv,156
660,DIEGO_ALMAGRO_SUR_FV,solar_fv,26
661,RCU_FV,solar_fv,207
662,SAN_ANTONIO_FV,solar_fv,148
663,CABRERO_FV,solar_fv,112
664,CANCURA_2_FV,solar_fv,111
665,SLK_CB_NUEVE_FV,solar_fv,178
666,NIHUE_FV,solar_fv,98
667,WATTS_LONQUEN_FV,solar_fv,107
668,PRETTY_FIELD_FV,solar_fv,36
669,PANGUILEMO_FV,solar_fv,204
670,PUELCHE_FV,solar_fv,159
671,VILLA_ALEMANA_FV,solar_fv,182
672,SANTA_MARGARITA_FV,solar_fv,187
673,MACHICURA_FV,solar_fv,128
674,LOS_MOLINOS_FV,solar_fv,98
675,CENTAURO_FV,solar_fv,118
676,NAZARINO_VERANO_FV,solar_fv,116
677,GABARDO_VERANO_FV,solar_fv,165
678,EL_MONTE_FV,solar_fv,98
679,QUETENA_FV,solar_fv,82
680,MELI_FV,solar_fv,199
681,ANDES_2B_FV,solar_fv,2
682,PEQUEN_FV,solar_fv,207
683,ANAKENA_FV,solar_fv,36
684,GRANATE_FV,solar_fv,36
685,SUNHUNTER_FV,solar_fv,36
686,MANDINGA_FV,solar_fv,98
687,CACHANAS_FV,solar_fv,211
688,GOLONDRINAS_FV,solar_fv,128
689,ELENA_FV,solar_fv,22
690,GUADALUPE_FV,solar_fv,178
691,AEROPUERTO_FV,solar_fv,204
692,CASTILLA_FV,solar_fv,12
693,CASTANO_FV,solar_fv,186
694,ERINOME_FV,solar_fv,144
695,LINARES_VDN_FV,solar_fv,148
696,REXNER_FV,solar_fv,178
697,JACARANDA_FV,solar_fv,36
698,BULNES_LOS_BARONES_FV,solar_fv,118
699,LINARES_SAN_ANTONIO_FV,solar_fv,148
700,EL_CUERVO_FV,solar_fv,207
703,SANTA_LUISA_FV,solar_fv,118
704,PACHIRA_FV,solar_fv,148
707,BRAMADA_FV,solar_fv,12
708,PIDUCO_FV,solar_fv,204
709,RECOLETA_FV,solar_fv,36
710,CANTERA_FV,solar_fv,187
711,SANTA_FRANCISCA_FV,solar_fv,75
712,MAITENES_FV,solar_fv,187
713,NANCO_FV,solar_fv,147
714,QUILLEN_FV,solar_fv,147
715,DONA_VICTORIA_FV,solar_fv,147
716,FARDELA_NEGRA_FV,solar_fv,105
717,FARAMALLA_FV,solar_fv,187
718,SAN_CARLOS_FV,solar_fv,168
719,COLTAUCO_ALMENDRO_FV,solar_fv,154
720,TAMARAMA_FV,solar_fv,54
721,HUAQUELON_FV,solar_fv,36
722,DON_ENRIQUE_FV,solar_fv,36
723,GABRIELA_FV,solar_fv,75
724,EL_RACO_FV,solar_fv,113
725,GUARANA_FV,solar_fv,187
726,TREBO_FV,solar_fv,98
727,FALCON_FV,solar_fv,98
728,SALAMANCA_FV,solar_fv,36
729,GAVIOTIN_FV,solar_fv,75
730,LAS_BANDURRIAS_FV,solar_fv,144
731,MARAMBIO_FV,solar_fv,98
732,FULGOR_FV,solar_fv,113
733,SAN_ANTONIO_MALVILLA_FV,solar_fv,98
734,FOSTER_FV,solar_fv,155
735,CARACOLES_FV,solar_fv,148
736,PLAYERO_3_FV,solar_fv,152
737,LOICA_FV,solar_fv,207
738,COLCHAGUA_FV,solar_fv,187
739,SGT_CHOLGUAN_FV,solar_fv,112
740,SGT_TUCAPEL_FV,solar_fv,112
741,DON_GERARDO_FV,solar_fv,159
742,LGS_FV,solar_fv,113
743,LOS_TOLDOS_FV,solar_fv,205
744,FINIS_TERRAE_E2_FV,solar_fv,22
770,TORINO_FV,solar_fv,207
923,GUINDO_SANTO_FV,solar_fv,112
924,PEUMO_FV,solar_fv,112
925,RAULI_FV,solar_fv,144
926,CIPRES_FV,solar_fv,112
1040,NORTH_WEST_FV,solar_fv,32
1084,PENON_FV,solar_fv,75
1192,LOMA_LOS_COLORADOS_1,biomasa,180
1193,LOMA_LOS_COLORADOS_2,biomasa,180
1194,SANTA_MARTA,biomasa,194
1195,ARAUCO,biomasa,141
1196,CELCO_BL1,biomasa,131
1197,CHOLGUAN_BL1,biomasa,120
1198,CMPC_LAJA_BL1,biomasa,114
1199,CMPC_LAJA_BL2,biomasa,114
1200,CMPC_LAJA_BL3,biomasa,114
1203,CMPC_PACIFICO_BL1,biomasa,114
1204,CMPC_PACIFICO_BL2,biomasa,114
1205,CMPC_PACIFICO_BL3,biomasa,114
1206,ENERGIA_PACIFICO,biomasa,199
1207,ESCUADRON,biomasa,140
1208,LAJA-EVE_1,biomasa,112
1209,LAJA-EVE_2,biomasa,112
1210,LAUTARO_1_BL1,biomasa,147
1211,LAUTARO_1_BL2,biomasa,147
1212,LAUTARO_2_BL1,biomasa,147
1213,LAUTARO_2_BL2,biomasa,147
1214,LICANTEN_BL1,biomasa,144
1215,LICANTEN_BL2,biomasa,144
1216,MAPA,biomasa,146
1217,MASISA,biomasa,112
1221,SANTA_FE_BL1,biomasa,114
1222,SANTA_FE_BL2,biomasa,114
1223,SANTA_FE_BL3,biomasa,114
1224,VALDIVIA_BL1_PINO,biomasa,124
1225,VALDIVIA_BL1_EUCA,biomasa,124
1226,VALDIVIA_BL2_PINO,biomasa,124
1227,VALDIVIA_BL2_EUCA,biomasa,124
1228,VALDIVIA_BL3_PINO,biomasa,124
1229,VALDIVIA_BL3_EUCA,biomasa,124
1230,VINALES_BL1,biomasa,131
1231,VINALES_BL2,biomasa,131
1232,ANDINA,carbon,14
1233,ANGAMOS_1,carbon,4
1234,ANGAMOS_2,carbon,4
1235,CAMPICHE,carbon,218
1236,COCHRANE_1,carbon,17
1237,COCHRANE_2,carbon,17
1238,GUACOLDA_1,carbon,42
1239,GUACOLDA_2,carbon,42
1240,GUACOLDA_3,carbon,42
1241,GUACOLDA_4,carbon,42
1242,GUACOLDA_5,carbon,42
1243,HORNITOS,carbon,14
1244,IE_MEJILLONES,carbon,50
1245,MEJILLONES_1,carbon,14
1246,MEJILLONES_2,carbon,14
1247,NUEVA_TOCOPILLA_1,carbon,62
1248,NUEVA_TOCOPILLA_2,carbon,62
1249,NUEVA_VENTANAS,carbon,218
1250,SANTA_MARIA,carbon,193
1251,VENTANAS_2,carbon,217
1379,ENAP_ACONCAGUA,biomasa,212
1573,AGUAS_BLANCAS,diesel,70
1574,ANDES_U1_DIE,diesel,25
1575,ANDES_U2_DIE,diesel,25
1576,ANDES_U3_DIE,diesel,25
1577,ANDES_U4_DIE,diesel,25
1578,ANDES_U1_FO6,diesel,25
1579,ANDES_U2_FO6,diesel,25
1580,ANDES_U3_FO6,diesel,25
1581,ANDES_U4_FO6,diesel,25
1582,ANTILHUE_U1,diesel,216
1583,ANTILHUE_U2,diesel,216
1584,ARICA_GM,otros_termico,27
1585,ARICA_M1,otros_termico,27
1586,ARICA_M2,otros_termico,27
1597,CALLECALLE,diesel,216
1598,CANDELARIA_1_DIE,diesel,109
1599,CANDELARIA_2_DIE,diesel,109
1600,CARDONES,diesel,13
1601,CELCO_BL2,biomasa,131
1602,CEMENTOS_BIOBIO_DIE,diesel,207
1603,CEMENTOS_BIOBIO_FO6,diesel,207
1604,CENIZAS,diesel,12
1605,CHAGUAL,diesel,53
1606,CHILOE,diesel,122
1607,CHOLGUAN_BL2,biomasa,120
1608,CHUYACA,diesel,184
1609,COLIHUES_U1_DIE,diesel,197
1610,COLIHUES_U2_DIE,diesel,197
1611,COLIHUES_U1_HFO,diesel,197
1612,COLIHUES_U2_HFO,diesel,197
1613,COLMITO_DIE,diesel,212
1614,COMBARBALA,otros_termico,36
1615,CONCON,diesel,212
1616,CONSTITUCION-EGEN,diesel,131
1617,CORONEL_DIE,diesel,132
1621,DIEGO_DE_ALMAGRO,diesel,25
1622,EL_PENON,diesel,36
1623,EL_SALVADOR,diesel,25
1624,EL_TOTORAL,diesel,104
1625,EMELDA_U1,diesel,25
1626,EMELDA_U2,diesel,25
1627,ERSA_BIOBIO,diesel,142
1628,ESPERANZA_DS1,diesel,197
1629,ESPERANZA_DS2,diesel,197
1630,ESPERANZA_TG1,diesel,197
1631,ESPINOS_BL1,diesel,53
1632,ESPINOS_BL2,diesel,53
1633,HORCONES_DIE,diesel,141
1634,HUASCO-TG_U1_DIE,diesel,43
1635,HUASCO-TG_U1_IFO,diesel,43
1636,HUASCO-TG_U2_DIE,diesel,43
1637,HUASCO-TG_U2_IFO,diesel,43
1638,HUASCO-TG_U3_DIE,diesel,43
1639,HUASCO-TG_U3_IFO,diesel,43
1640,INACAL,diesel,49
1646,LA_PORTADA,diesel,38
1647,LAS_VEGAS,diesel,152
1648,LINARES,diesel,148
1649,LLANOS_BLANCOS,diesel,76
1650,LOS_GUINDOS,diesel,114
1651,LOS_GUINDOS_2,diesel,114
1652,LOS_PINOS,diesel,114
1653,LOS_VIENTOS,diesel,152
1654,LOS_VIENTOS-CNAVIA,diesel,153
1655,MAITENCILLO,diesel,55
1656,MANTOS_BLANCOS,otros_termico,56
1657,MAULE,diesel,131
1662,NEHUENCO_9B_DIE,diesel,191
1663,NEWEN_DIE,diesel,203
1664,NEWEN_PRO,diesel,203
1665,NUEVA_ALDEA_2,biomasa,192
1668,OLIVOS_BL1,diesel,53
1669,OLIVOS_BL2,diesel,53
1670,PAJONALES,otros_termico,32
1671,PLACILLA,diesel,104
1672,PUNTA_COLORADA_DIE,diesel,77
1673,PUNTA_COLORADA_IFO,diesel,77
1674,QUINTAY,diesel,104
1675,QUINTERO_1A_DIE,diesel,183
1676,QUINTERO_1B_DIE,diesel,183
1677,RENCA_U1,diesel,188
1678,RENCA_U2,diesel,188
1679,SAN_GREGORIO,diesel,168
1686,SAN_JAVIER_1,diesel,131
1687,SAN_JAVIER_2,diesel,131
1688,SAN_LORENZO_U1,diesel,26
1689,SAN_LORENZO_U2,diesel,26
1690,SAN_LORENZO_U3,diesel,26
1691,SANTA_FE_BL4,biomasa,114
1692,SANTA_LIDIA,diesel,114
1693,TALTAL_1_DIE,diesel,74
1694,TALTAL_2_DIE,diesel,74
1695,TARAPACA-TG_DIE,otros_termico,87
1696,TENO,diesel,207
1697,TENO_GAS_GLP,glp,207
1698,TERMOPACIFICO,diesel,13
1700,TOCOPILLA-TG1,diesel,89
1701,TOCOPILLA-TG2,diesel,89
1703,TRAPEN,diesel,158
1704,TRINCAO,diesel,122
1705,UJINA_U1_HFO,otros_termico,18
1706,UJINA_U1_DIE,diesel,18
1707,UJINA_U2_HFO,diesel,18
1708,UJINA_U2_DIE,diesel,18
1709,UJINA_U3_HFO,diesel,18
1710,UJINA_U3_DIE,diesel,18
1711,UJINA_U4_HFO,diesel,18
1712,UJINA_U4_DIE,diesel,18
1713,UJINA_U5_HFO,diesel,18
1714,UJINA_U6_HFO,diesel,18
1715,VALDIVIA_BL4_EUCA,biomasa,124
1716,VALDIVIA_BL4_PINO,biomasa,124
1717,YUNGAY_U1_DIE,diesel,113
1718,YUNGAY_U2_DIE,diesel,113
1719,YUNGAY_U3_DIE,diesel,113
1720,YUNGAY_U4_DIE,diesel,113
1721,PAS_MEJILLONES,otros_termico,58
180,LOS_PORTONES,otros,184
221,SAN_JOSE,otros,113
222,PIEDRAS_NEGRAS,otros,211
223,MORAGA,otros,113
224,SAN_LUIS,otros,113
225,LOS_PORTONES_AMP2,otros,184
275,RENAICO_2_EO,otros,206
276,CKHURI_EO,otros,19
285,ATACAMA_EO,otros,55
288,CALAMA_AMP_EO,otros,82
289,CAMPO_LINDO_E1_EO,otros,114
290,LEBU_NORTE_EO,otros,141
291,LA_CABANA_1_EO,otros,159
292,PARQUE_TCHAMMA_EO,otros,22
293,PUNTA_TALCA_EO,otros,85
294,SAN_MATIAS_EO,otros,113
295,LA_CABANA_2_EO,otros,159
296,CERRO_DOMINADOR_CS,otros,22
438,UTFSM_VALPARAISO_VALDES_FV,otros,157
444,PUNTA_BAJA_SOLAR_1_FV,otros,54
450,CRUZ_SOLAR_1_FV,otros,152
499,LAS_MERCEDES_1_FV,otros,199
500,EL_LITRE_2_FV,otros,139
544,FLORENCIA_FV,otros,53
551,LOS_MAGNOLIOS_FV,otros,105
557,FINIS_TERRAE_2_FV,otros,22
582,ANDES_2A_E2_FV,otros,2
612,HELIOS_FV,otros,152
634,ROMERIA_FV,otros,207
637,TENO_FV,otros,207
644,SOL_DEL_LOA_ETAPA_1_FV,otros,48
645,SOL_DEL_LOA_ETAPA_2_FV,otros,48
648,SOL_DE_VALLENAR_FASE_2_FV,otros,55
701,GUANCHOI_FV,otros,21
702,GR_PEUMO_FV,otros,154
705,SANTA_CRUZ_FV,otros,199
706,LAS_TORTOLAS_DEL_VERANO_FV,otros,178
745,SANTA_JULIA_ANDINA_FV,otros,113
746,MITCHI_FV,otros,12
747,CONDOR_FV,otros,187
748,NEWENTUN_FV,otros,187
749,NANCAGUA_FV,otros,211
750,CHIMBARONGO_NIEBLA_FV,otros,211
751,PALERMO_FV,otros,187
752,AVEL_FV,otros,113
753,MANAO_FV,otros,152
754,LA_COLONIA_FV,otros,165
755,ALGARROBO_V_FV,otros,207
756,LUCUMO_FV,otros,148
757,LINARES_FV,otros,148
758,RANGUIL_NORTE_FV,otros,144
759,TAMARICO_FV,otros,55
760,LOS_TAURETES_FV,otros,139
761,PARQUE_VALPARAISO_FV,otros,152
762,ITIHUE_FV,otros,168
763,TARANTO_FV,otros,105
764,EL_SHARON_FV,otros,187
765,SAN_EMILIO_1_FV,otros,144
766,SANTA_ELIZABETH_FV,otros,199
767,PICHUNCHE_FV,otros,199
768,EA_DF_SAN_ISIDRO_FV,otros,199
769,EL_HUASO_FV,otros,105
771,RINCONADA_ALCONES_FV,otros,187
772,CANTILLANA_FV,otros,165
773,MILAN_A_FV,otros,207
774,BERGAMO_FV,otros,207
775,MARANON_FV,otros,54
776,RATULEMUS_FV,otros,168
777,GUANACO_AMP_FV,otros,91
778,CAUQUENES_FV,otros,168
779,ORILLA_DEL_MAULE_FV,otros,204
780,CONDOR_CHEPICA_FV,otros,187
781,LIQUIDAMBAR_FV,otros,178
782,RIMINI_SOLAR_FV,otros,98
783,LA_PENA_FV,otros,152
784,JAVIERA_CARRERA_FV,otros,108
785,TIERRA_FV,otros,12
786,IDAHUE_DEL_VERANO_FV,otros,154
787,EL_PALQUI_FV,otros,36
788,EL_OLIVAR_FV,otros,113
789,LOCKMA_FV,otros,38
790,SANTA_EMILIA_FV,otros,199
791,CONDOR_CHEPICA_ETAPA_2_FV,otros,187
792,LAS_SALINAS_FV,otros,22
793,PELLIN_FV,otros,112
794,SAN_FRANCISCO_PARRAL_FV,otros,168
795,DUQUECO_FV,otros,159
796,PLOMO_DEL_VERANO_FV,otros,194
797,LAS_PALMAS_DEL_VERANO_FV,otros,98
798,LA_BRUJULA_FV,otros,187
799,LOS_JOTES_FV,otros,53
800,ANGOL_1_FV,otros,113
801,EL_RUN_RUN_FV,otros,211
802,SANTA_EUGENIA_FV,otros,113
803,BLU_FV,otros,118
804,DINAMO_FV,otros,98
805,CONDOR_LO_CHACON_2_FV,otros,187
806,SAN_ALBERTO_FV,otros,118
807,SAN_MARCOS_FV,otros,20
808,CABILDO_FV,otros,53
809,ANUNUCA_DEL_VERANO_FV,otros,178
810,LOMA_TENDIDA_DEL_VERANO_FV,otros,139
811,LOS_SAUCES_2_FV,otros,113
812,PUANGUE_FV,otros,98
813,LOS_SAUCES_1_FV,otros,113
814,LLUTA_SOLAR_FV,otros,20
815,RENAICO_3_FV,otros,207
816,VACCARO_FV,otros,204
817,EL_CHERCAN_FV,otros,207
818,EL_NANDU_FV,otros,12
819,IMPERIAL_FV,otros,205
820,LA_PERLA_DEL_NORTE_FV,otros,49
821,EL_RANCHILLO_FV,otros,186
822,SAN_JOSE_FV,otros,118
823,LITORAL_FV,otros,105
824,PALTO_SUNLIGHT_FV,otros,152
825,AROMO_VERANO_FV,otros,186
826,LOS_CANONES_SUNLIGHT_FV,otros,152
827,LA_VICTORIA_FV,otros,118
828,PSF_PAINE_FV,otros,165
829,ITAHUE_3_FV,otros,144
830,PATRICIA_VERANO_FV,otros,165
831,EL_TIUQUE_FV,otros,156
832,ROSARIO_FV,otros,199
833,PENAFLOR_FV,otros,91
834,ARICA_FV,otros,6
835,SIETE_COLORES_FV,otros,36
836,DON_RENATO_FV,otros,53
837,ESTANCILLA_FV,otros,54
838,LA_PAZ_FV,otros,199
839,EL_PERAL_FV,otros,165
840,PATAGUILLA_FV,otros,116
841,EL_CARDENAL_FV,otros,154
842,TACNA_FV,otros,6
843,SAN_YOLANDO_FV,otros,148
844,RUCAPAINE_FV,otros,165
845,ALDEBARAN_FV,otros,211
846,SAN_EUGENIO_FV,otros,135
847,AVELLANO_FV,otros,135
848,CODORNIZ_FV,otros,207
849,QUEBRADA_DEL_SOL_FV,otros,204
850,RARI_FV,otros,148
851,LAS_CHILCAS_FV,otros,6
852,LAS_GAVIOTAS_FV,otros,75
853,AMANECER_FV,otros,22
854,SAN_FRANCISCO_5_FV,otros,152
855,EL_CARPINTERO_FV,otros,131
856,CALDERA_FV,otros,13
857,EL_MIRLO_FV,otros,208
858,LOS_CISNES_FV,otros,154
859,LAS_PENITAS_FV,otros,152
860,EL_CAIQUEN_FV,otros,148
861,CALICHE_FV,otros,57
862,EL_HUAPE_FV,otros,204
863,MALLOCO_FV,otros,91
864,CERESUELA_FV,otros,71
865,CKILIR_FV,otros,38
866,BARRANCON_FV,otros,91
867,PUEBLO_SECO_FV,otros,110
868,TRIGAL_FV,otros,110
869,INGENIO_FV,otros,53
870,ENCINA_3_FV,otros,207
871,PANGUI_FV,otros,3
872,QUEMADOS_FV,otros,186
873,LA_GAMBOINA_FV,otros,186
874,ALSOL_FV,otros,139
875,SANTA_TERESITA_FV,otros,106
876,CHAMPA_FV,otros,165
877,EL_CONQUISTADOR_FV,otros,118
878,LOS_HUERTOS_FV,otros,139
879,SAMO_BAJO_FV,otros,36
880,JARDIN_SOLAR_PETORCA_FV,otros,53
881,MAIMALICAN_FV,otros,53
882,LO_MIGUEL_FV,otros,208
883,BELEN_FV,otros,199
884,EL_HALCON_FV,otros,12
885,EL_RAYADOR_FV,otros,75
886,DOLORES_FV,otros,87
887,CERES_FV,otros,98
888,AYLA_FV,otros,199
889,CONCORDE_FV,otros,25
890,LAS_TAGUAS_FV,otros,75
891,LA_SIERRA_2_FV,otros,22
892,EL_MANZANO_FV,otros,178
893,DONA_CARMEN_RM_FV,otros,116
894,CALDERAZA_FV,otros,12
895,LLANCAY_FV,otros,187
896,LA_SIERRA_FV,otros,22
897,NAN_FV,otros,186
898,PARANAL_FV,otros,41
899,ARMAZONES_FV,otros,41
900,VILLA_MOSCOSO_FV,otros,157
901,COINCO_FV,otros,186
902,VIOLETA_FV,otros,91
903,BANDURRIAS_FV,otros,187
904,ERMITA_VERANO_FV,otros,116
905,SIETE_COLORES_AMP_FV,otros,36
906,PVP_LA_ROSA_FV,otros,154
907,ALHUE_SUNLIGHT_FV,otros,187
908,PARQUE_DEL_SOL_FV,otros,91
909,LO_CHACON_FV,otros,187
910,KALI_FV,otros,148
911,JOTABECHE_FV,otros,12
912,SANTA_MARTA_FV,otros,116
913,SAN_RAFAEL_2_FV,otros,204
914,LAJA_FV,otros,112
915,SAND_SOLAR_FV,otros,98
916,YAHUTELA_FV,otros,105
917,PICHON_FV,otros,168
918,TUTUVEN_FV,otros,168
919,PMG_CAUQUENES_FV,otros,168
920,SAN_BERNARDO_FV,otros,118
921,VILLA_LONGAVI_FV,otros,148
922,QUILMO_FV,otros,118
927,TOCOPILLA_FV,otros,57
928,BUENAVENTURA_FV,otros,48
929,TARUCA_FV,otros,6
930,DON_RODRIGO_FV,otros,204
931,PUNTA_DEL_COBRE_FV,otros,12
932,SANTA_EULALIA_FV,otros,118
933,ALBOR_FV,otros,159
934,DON_MARTIN_FV,otros,159
935,RDCL_SAN_FV,otros,181
936,RENGO_FV,otros,186
937,DON_PEDRO_FV,otros,187
938,CHICUREO_FV,otros,136
939,VILLA_2_FV,otros,187
940,SANTA_BLANCA_ISLA_MAIPO_FV,otros,165
941,OLIVIER_FV,otros,75
942,PENCAHUE_FV,otros,204
943,RIO_PEUCO_FV,otros,199
944,ALHUE_A3_FV,otros,187
945,TIJERAL_FV,otros,53
946,CHILOE_FV,otros,207
947,PARQUE_SAN_ISIDRO_FV,otros,186
948,PARRONAL_2_FV,otros,147
949,RAMIREZ_VERANO_FV,otros,36
950,AGUAS_CLARAS_FV,otros,125
951,SALAMANCA_SOLAR_FV,otros,204
952,ROQUE_FV,otros,194
953,VENEZIA_FV,otros,207
954,CHEQUEN_FV,otros,180
955,COLIBRI_FV,otros,118
956,LEN_FV,otros,207
957,SOFIA_FV,otros,75
958,LAS_LOICAS_FV,otros,12
959,FAISAN_FV,otros,118
960,CAITI_FV,otros,108
961,SAN_SERAPIO_FV,otros,204
962,COLLANCO_FV,otros,131
963,DRUX_2_FV,otros,207
964,ARENISCA_FV,otros,71
965,PARQUE_SANTA_LUISA_FV,otros,112
966,PAIHUEN_FV,otros,36
967,ARREBOL_FV,otros,48
968,INDEPENDENCIA_2_FV,otros,180
969,BELLOTO_B_FV,otros,207
970,CHACABUCO_ELMANZANO_FV,otros,178
971,OLIVIA_FV,otros,75
972,HEFESTO_FV,otros,169
973,COYUNCHE_FV,otros,112
974,CONDOR_PETORCA_FV,otros,160
975,QUEBRADA_DE_TALCA_FV,otros,75
976,ANGAMOS_FV,otros,4
977,PVP_LA_ROSA_AMP_FV,otros,154
978,CAUQUENES_PILEN_BIS_FV,otros,168
979,HURTADO_FV,otros,112
980,ALTO_BELLAVISTA_SUN_FV,otros,186
981,MACAO_FV,otros,165
982,SC_FLOR_DEL_LLANO_FV,otros,156
983,SANTA_LUCIA_FV,otros,36
984,CORSO_FV,otros,160
985,TARA_FV,otros,116
986,SAN_EDUARDO_FV,otros,118
987,YUNGAY_2_TRILALEO_FV,otros,112
988,LINCURA_FV,otros,183
989,ORQUIDEA_FV,otros,36
990,MAKOHE_FV,otros,116
991,ENAMI_FV,otros,152
992,LA_HUERTA_FV,otros,204
993,ARTEMISA_FV,otros,199
994,LA_ISLITA_FV,otros,165
995,EL_LORO_CHOROY_FV,otros,144
996,LA_QUINTA_SOL_SUR_FV,otros,112
997,NUMPAY_FV,otros,204
998,DONA_BERTA_FV,otros,212
999,MACARENA_FV,otros,71
1000,PVP_MAYOS_FV,otros,154
1001,LA_PERLA_FV,otros,112
1002,ALCAZAR_FV,otros,112
1003,HUMBERTITO_FV,otros,112
1004,CE_CANTERAS_FV,otros,112
1005,EL_PARRA_SOLAR_FV,otros,186
1006,MANO_FV,otros,36
1007,MOMO_FV,otros,36
1008,LOS_NOGALES_FV,otros,36
1009,PVP_SANTA_REBECA_FV,otros,116
1010,SG_INES_MONTANA_FV,otros,125
1011,SANTA_BARBARA_FV,otros,168
1012,CALEU_FV,otros,152
1013,CAIMANES_FV,otros,53
1014,CLEMENTINA_SOLAR_FV,otros,178
1015,PARQUE_QUILLECO_FV,otros,112
1016,PUEBLO_HUNDIDO_FV,otros,199
1017,SANTA_INES_SUNRAY_FV,otros,154
1018,DONA_IGNA_FV,otros,98
1019,POMUYETO_SOLAR_FV,otros,168
1020,PLAZA_SUNLIGHT_FV,otros,36
1021,CHACAICO_FV,otros,112
1022,SGT_CATAPILCO_FV,otros,53
1023,CONDOR_MINILLAS_2_FV,otros,178
1024,QUILAPILAN_FV,otros,154
1025,PARQUE_MARGARITA_FV,otros,186
1026,DON_CHACHO_FV,otros,186
1027,RIO_MAULE_FV,otros,156
1028,LAS_HORTENCIAS_FV,otros,178
1029,LUN_FV,otros,207
1030,FOTOVOLTAICA_ESMERALDA_FV,otros,168
1031,FENIX_FV,otros,125
1032,MICHILLA_FV,otros,22
1033,GARZAS_FV,otros,154
1034,SOLFERINO_SOLAR_FV,otros,186
1035,PERSEFONE_SOLAR_FV,otros,36
1036,MONTENEGRO_SOLAR_FV,otros,152
1037,COTORRA_FV,otros,168
1038,PICHIDANGUI_FV,otros,36
1039,TRES_AGUAS,otros,168
1041,ANDES_4_FV,otros,2
1042,LARQUI_SOLAR_FV,otros,118
1043,PESARO_FV,otros,105
1044,LIRIOS_FV,otros,186
1045,PVP_UNIHUE_FV,otros,144
1046,LINARES_2_FV,otros,148
1047,PELUMPEN_FV,otros,152
1048,PARQUE_ROMA_FV,otros,211
1049,PVP_CHINCHORRO_FV,otros,6
1050,EL_LORETO_FV,otros,186
1051,RENAICO_1_FV,otros,159
1052,ANTONIA_PENON_FV,otros,75
1053,TOLEDO_2_FV,otros,12
1054,SANTA_MARTITA_FV,otros,207
1055,ZORZAL_FV,otros,159
1056,PATAGUA_8_FV,otros,98
1057,LIRIOS_DE_CHUMAQUITO_FV,otros,186
1058,ALBATROS_FV,otros,207
1059,VINEDOS_FV,otros,188
1060,SAN_VICENTE_TT_P1_FV,otros,154
1061,CHILLAN_VICENTE_MENDEZ_FV,otros,118
1062,SAN_PEDRO_D_FV,otros,98
1063,CHILLAN_SAN_CARLOS_2_FV,otros,118
1064,TURQUIA_FV,otros,112
1065,BULNES_FV,otros,118
1066,MIRACEA_FV,otros,168
1067,COIHUE_FV,otros,168
1068,TEPU_FV,otros,168
1069,EL_TURPIAL_FV,otros,12
1070,LIEBRE_DEL_VERANO_FV,otros,98
1071,SAGRADA_FAMILIA_FORTUNA_15_FV,otros,144
1072,VIOLETA_LAUTARO_FV,otros,159
1073,EL_MONTE_AMP_FV,otros,116
1074,CHILLAN_HUAMBALI_HIPER_FV,otros,118
1075,FRANGEL_FV,otros,168
1076,CHILLAN_CONFLUENCIA_3_FV,otros,118
1077,LA_QUINTRALA_FV,otros,165
1078,TARWI_FV,otros,207
1079,EA_SF_PICHILEMU_FV,otros,187
1080,AMANCAY_FV,otros,207
1081,VERONA_FV,otros,207
1082,QUEBRADA_DEL_SOL_SING_FV,otros,38
1083,MALLOA_SUNLIGHT_FV,otros,154
1085,EMILIA_FV,otros,36
1086,DON_OSCAR_FV,otros,75
1087,LUCAS_FV,otros,75
1088,SOL_DE_VALLENAR_FV,otros,13
1089,CABIMAS_FV,otros,204
1090,SAN_FRANCISCO_PLANTAS_FV,otros,13
1091,ESMERALDA_6_FV,otros,112
1092,R_INE_A_FV,otros,154
1093,VICHUQUEN_SANTA_ELENA_FV,otros,207
1094,EA_MAITEN_FV,otros,204
1095,EA_SF_GRANEROS_FV,otros,169
1096,QUILVO_FV,otros,207
1097,CHUNGUNGO_FV,otros,38
1098,FUNDO_SAN_ISIDRO_FV,otros,75
1099,DON_SIMON_FV,otros,186
1100,LOROS_TRICAHUES_FV,otros,186
1101,BECACINA_FV,otros,54
1102,MULCHEN_SANTA_BARBARA_FV,otros,159
1103,EL_PELICANO_CERRILLOS_FV,otros,12
1104,FONTANA_VERANO_FV,otros,208
1105,JILGUERO_FV,otros,207
1106,MARTIN_PESCADOR_FV,otros,187
1107,CHILCA_FV,otros,159
1108,CANELILLO_LONCOCHE_FV,otros,159
1109,CHAPIN_FV,otros,159
1110,CONTY_FV,otros,186
1111,CONCON_FV,otros,212
1112,INTERLOCUTOR_FV,otros,154
1113,ELVIRA_7_FV,otros,118
1114,ELVIRA_7B_FV,otros,118
1115,TALAGANTE_2_FV,otros,91
1116,SAN_RAMON_FV,otros,165
1117,ANDROMEDA_FV,otros,71
1118,FAROL_FV,otros,38
1119,DON_MATIAS_FV,otros,211
1120,HIJUELA_FV,otros,144
1121,SAN_ANTONIO_SUNLIGHT_FV,otros,98
1122,SIRIMAVO_FV,otros,36
1123,LOTHAR_FV,otros,152
1124,PARQUE_ESTELAR_1_FV,otros,159
1125,SOY_SOLAR_FV,otros,75
1126,MONTE_VERANO_FV,otros,98
1127,TALAGANTE_1_FV,otros,91
1128,MIRADOR_LEON_FV,otros,157
1129,EL_MANZANO_2_FV,otros,152
1130,MAUCO_2_FV,otros,178
1131,SANTA_PAMELA_FV,otros,135
1132,MARIA_DOLORES_FV,otros,159
1133,TENO_3_FV,otros,207
1134,LA_VENDIMIA_FV,otros,168
1135,LOS_PLUMEROS_FV,otros,207
1136,TILTIL_FV,otros,139
1137,EL_MANZANO_HUECHUN_FV,otros,139
1138,QUILMO_BULNES_FV,otros,118
1139,ROSA_DE_SHARON_FV,otros,125
1140,WARAIRA_FV,otros,187
1141,BARCELONA_FV,otros,207
1142,MAULE_FV,otros,144
1143,DONA_RUBENA_FV,otros,152
1144,ALPHA_FV,otros,98
1145,BALLOTA_FV,otros,148
1146,CONDOR_LIGUA_2_FV,otros,53
1147,VELASCO_FV,otros,118
1148,SAN_ANTONIO_1_FV,otros,118
1149,CANQUEN_FV,otros,118
1150,CHANAR_VERANO_FV,otros,82
1151,TOPACIO_FV,otros,112
1152,PEQUEN_CHOLGUAN_FV,otros,112
1153,CATO_FV,otros,118
1154,DONA_REGINA_FV,otros,135
1155,TES_SOLAR_FV,otros,118
1156,ESPEJO_FV,otros,188
1157,VALLE_ALEGRE_FV,otros,30
1158,ALAMEDA_FV,otros,186
1159,PIRINCHO_FV,otros,165
1160,GABARDO_AMP_FV,otros,165
1161,EL_CANELO_3_FV,otros,204
1162,MARGARITA_SOLAR_FV,otros,165
1163,MORA_FV,otros,108
1164,POROTA_FV,otros,212
1165,GENOVA_FV,otros,112
1166,SIERRA_SOLEADA_FV,otros,25
1167,LINCE_FV,otros,38
1168,CAUCE_FV,otros,3
1169,ATACALCO_1_FV,otros,118
1170,EL_TRIUNFO_FV,otros,178
1171,LAS_TABLAS_FV,otros,42
1172,DIEGO_DE_ALMAGRO_2_FV,otros,25
1173,TABOLANGO_FV,otros,212
1174,EL_CARAMELO_FV,otros,186
1175,MILLAHUE_FV,otros,204
1176,LIRIO_SOLAR_FV,otros,105
1177,CHAGUAL_FV,otros,105
1178,MIRADOR_FV,otros,13
1179,TRAVESIA_FV,otros,13
1180,YELLOWSTONE_1_FV,otros,187
1181,CKONTOR_FV,otros,45
1182,ITAHUE_FV,otros,144
1183,DONA_ANTONIA_FV,otros,36
1184,ZATURNO_FV,otros,38
1185,PICUNCHE_FV,otros,93
1186,LIMA_FV,otros,186
1187,TORTOLA_QUINTERO_FV,otros,183
1188,ANDES_2B_AMP_FV,otros,2
1189,LIBERTAD_1_FV,otros,55
1190,LIBERTAD_2_FV,otros,55
1191,YELLOWSTONE_2_FV,otros,187
1201,CMPC_LAJA_BL4,otros,114
1202,CMPC_LAJA_BL5,otros,114
1218,NUEVA_ALDEA_BL1,otros,192
1219,NUEVA_ALDEA_BL3,otros,192
1220,NUEVA_ALDEA_BL2,otros,192
1252,ATA-TG1A_GN_A,otros,7
1253,ATA-TG1A+0.5TV1C_GN_A,otros,7
1254,ATA-TG1A+TG1B+TV1C_GN_A,otros,7
1255,ATA-TG1B_GN_A,otros,7
1256,ATA-TG1B+0.5TV1C_GN_A,otros,7
1257,ATA-TG2A_GN_A,otros,7
1258,ATA-TG2A+0.5TV2C_GN_A,otros,7
1259,ATA-TG2A+TG2B+TV2C_GN_A,otros,7
1260,ATA-TG2B_GN_A,otros,7
1261,ATA-TG2B+0.5TV2C_GN_A,otros,7
1262,CANDELARIA_1_GN_A,otros,109
1263,CANDELARIA_2_GN_A,otros,109
1264,CORONEL_GN_A,otros,132
1265,MEJILLONES_3-TG_GN_A,otros,50
1266,MEJILLONES_3-TG+TV_GN_A,otros,50
1267,NEHUENCO_1-FA_GN_A,otros,191
1268,NEHUENCO_1-TG_GN_A,otros,191
1269,NEHUENCO_1-TG+TV_GN_A,otros,191
1270,NEHUENCO_2-TG_GN_A,otros,191
1271,NEHUENCO_2-TG+TV_GN_A,otros,191
1272,NEHUENCO_9B_GN_A,otros,191
1273,NEWEN_GN_A,otros,203
1274,COLMITO_GN_A,otros,212
1275,CMPC_CORDILLERA_GN_A,otros,166
1276,NUEVA_RENCA-FA_GN_A,otros,188
1277,NUEVA_RENCA-TG+TV_GN_A,otros,188
1278,NUEVA_RENCA-TG+TV_GN_B,otros,188
1279,LOS_VIENTOS_GN_A,otros,152
1280,QUINTERO_1A_GN_A,otros,183
1281,QUINTERO_1B_GN_A,otros,183
1282,SAN_ISIDRO_2-TG_GN_A,otros,191
1283,SAN_ISIDRO_2-TG+TV_GN_A,otros,191
1284,SAN_ISIDRO_2-TG+TV-FSTVU_GN_A,otros,191
1285,SAN_ISIDRO-FA_GN_A,otros,191
1286,SAN_ISIDRO-TG_GN_A,otros,191
1287,SAN_ISIDRO-TG+TV_GN_A,otros,191
1288,SAN_ISIDRO-TG+TV-FSTVD_GN_A,otros,191
1289,TALTAL_1_GN_A,otros,74
1290,TALTAL_2_GN_A,otros,74
1291,TOCOPILLA_U16-TG_GN_A,otros,90
1292,TOCOPILLA_U16-TG+TV_GN_A,otros,90
1293,TOCOPILLA-TG3_GN_A,otros,89
1294,YUNGAY_U1_GN_A,otros,113
1295,YUNGAY_U2_GN_A,otros,113
1296,YUNGAY_U3_GN_A,otros,113
1297,ATA-TG1A_GNL_A,otros,7
1298,ATA-TG1A_GNL_B,otros,7
1299,ATA-TG1A_GNL_C,otros,7
1300,ATA-TG1A_GNL_D,otros,7
1301,ATA-TG1A_GNL_E,otros,7
1302,ATA-TG1A_GNL_INF,otros,7
1303,ATA-TG1A+0.5TV1C_GNL_A,otros,7
1304,ATA-TG1A+0.5TV1C_GNL_B,otros,7
1305,ATA-TG1A+0.5TV1C_GNL_C,otros,7
1306,ATA-TG1A+0.5TV1C_GNL_D,otros,7
1307,ATA-TG1A+0.5TV1C_GNL_E,otros,7
1308,ATA-TG1A+0.5TV1C_GNL_INF,otros,7
1309,ATA-TG1A+TG1B+TV1C_GNL_A,otros,7
1310,ATA-TG1A+TG1B+TV1C_GNL_B,otros,7
1311,ATA-TG1A+TG1B+TV1C_GNL_C,otros,7
1312,ATA-TG1A+TG1B+TV1C_GNL_D,otros,7
1313,ATA-TG1A+TG1B+TV1C_GNL_E,otros,7
1314,ATA-TG1A+TG1B+TV1C_GNL_INF,otros,7
1315,ATA-TG1B_GNL_A,otros,7
1316,ATA-TG1B_GNL_B,otros,7
1317,ATA-TG1B_GNL_C,otros,7
1318,ATA-TG1B_GNL_D,otros,7
1319,ATA-TG1B_GNL_E,otros,7
1320,ATA-TG1B_GNL_INF,otros,7
1321,ATA-TG1B+0.5TV1C_GNL_A,otros,7
1322,ATA-TG1B+0.5TV1C_GNL_B,otros,7
1323,ATA-TG1B+0.5TV1C_GNL_C,otros,7
1324,ATA-TG1B+0.5TV1C_GNL_D,otros,7
1325,ATA-TG1B+0.5TV1C_GNL_E,otros,7
1326,ATA-TG1B+0.5TV1C_GNL_INF,otros,7
1327,ATA-TG2A_GNL_A,otros,7
1328,ATA-TG2A_GNL_B,otros,7
1329,ATA-TG2A_GNL_C,otros,7
1330,ATA-TG2A_GNL_D,otros,7
1331,ATA-TG2A_GNL_E,otros,7
1332,ATA-TG2A_GNL_INF,otros,7
1333,ATA-TG2A+0.5TV2C_GNL_A,otros,7
1334,ATA-TG2A+0.5TV2C_GNL_B,otros,7
1335,ATA-TG2A+0.5TV2C_GNL_C,otros,7
1336,ATA-TG2A+0.5TV2C_GNL_D,otros,7
1337,ATA-TG2A+0.5TV2C_GNL_E,otros,7
1338,ATA-TG2A+0.5TV2C_GNL_INF,otros,7
1339,ATA-TG2A+TG2B+TV2C_GNL_A,otros,7
1340,ATA-TG2A+TG2B+TV2C_GNL_B,otros,7
1341,ATA-TG2A+TG2B+TV2C_GNL_C,otros,7
1342,ATA-TG2A+TG2B+TV2C_GNL_D,otros,7
1343,ATA-TG2A+TG2B+TV2C_GNL_E,otros,7
1344,ATA-TG2A+TG2B+TV2C_GNL_INF,otros,7
1345,ATA-TG2B_GNL_A,otros,7
1346,ATA-TG2B_GNL_B,otros,7
1347,ATA-TG2B_GNL_C,otros,7
1348,ATA-TG2B_GNL_D,otros,7
1349,ATA-TG2B_GNL_E,otros,7
1350,ATA-TG2B_GNL_INF,otros,7
1351,ATA-TG2B+0.5TV2C_GNL_A,otros,7
1352,ATA-TG2B+0.5TV2C_GNL_B,otros,7
1353,ATA-TG2B+0.5TV2C_GNL_C,otros,7
1354,ATA-TG2B+0.5TV2C_GNL_D,otros,7
1355,ATA-TG2B+0.5TV2C_GNL_E,otros,7
1356,ATA-TG2B+0.5TV2C_GNL_INF,otros,7
1357,CANDELARIA_1_GNL_A,otros,109
1358,CANDELARIA_1_GNL_B,otros,109
1359,CANDELARIA_1_GNL_C,otros,109
1360,CANDELARIA_1_GNL_D,otros,109
1361,CANDELARIA_1_GNL_E,otros,109
1362,CANDELARIA_1_GNL_F,otros,109
1363,CANDELARIA_1_GNL_G,otros,109
1364,CANDELARIA_1_GNL_INF,otros,109
1365,CANDELARIA_2_GNL_A,otros,109
1366,CANDELARIA_2_GNL_B,otros,109
1367,CANDELARIA_2_GNL_C,otros,109
1368,CANDELARIA_2_GNL_D,otros,109
1369,CANDELARIA_2_GNL_E,otros,109
1370,CANDELARIA_2_GNL_F,otros,109
1371,CANDELARIA_2_GNL_G,otros,109
1372,CANDELARIA_2_GNL_INF,otros,109
1373,CMPC_CORDILLERA_GNL_A,otros,166
1374,CMPC_CORDILLERA_GNL_B,otros,166
1375,COLMITO_GNL_A,otros,212
1376,COLMITO_GNL_INF,otros,212
1377,CORONEL_GNL_A,otros,132
1378,CORONEL_GNL_B,otros,132
1380,KELAR-TG1_GNL_A,otros,44
1381,KELAR-TG1_GNL_B,otros,44
1382,KELAR-TG1_GNL_C,otros,44
1383,KELAR-TG1_GNL_INF,otros,44
1384,KELAR-TG1+0.5TV_GNL_A,otros,44
1385,KELAR-TG1+0.5TV_GNL_B,otros,44
1386,KELAR-TG1+0.5TV_GNL_C,otros,44
1387,KELAR-TG1+0.5TV_GNL_INF,otros,44
1388,KELAR-TG1+TG2+TV_GNL_A,otros,44
1389,KELAR-TG1+TG2+TV_GNL_B,otros,44
1390,KELAR-TG1+TG2+TV_GNL_C,otros,44
1391,KELAR-TG1+TG2+TV_GNL_INF,otros,44
1392,KELAR-TG2_GNL_A,otros,44
1393,KELAR-TG2_GNL_B,otros,44
1394,KELAR-TG2_GNL_C,otros,44
1395,KELAR-TG2_GNL_INF,otros,44
1396,KELAR-TG2+0.5TV_GNL_A,otros,44
1397,KELAR-TG2+0.5TV_GNL_B,otros,44
1398,KELAR-TG2+0.5TV_GNL_C,otros,44
1399,KELAR-TG2+0.5TV_GNL_INF,otros,44
1400,MEJILLONES_3-TG_GNL_A,otros,50
1401,MEJILLONES_3-TG_GNL_B,otros,50
1402,MEJILLONES_3-TG_GNL_C,otros,50
1403,MEJILLONES_3-TG_GNL_D,otros,50
1404,MEJILLONES_3-TG_GNL_E,otros,50
1405,MEJILLONES_3-TG_GNL_INF,otros,50
1406,MEJILLONES_3-TG+TV_GNL_A,otros,50
1407,MEJILLONES_3-TG+TV_GNL_B,otros,50
1408,MEJILLONES_3-TG+TV_GNL_C,otros,50
1409,MEJILLONES_3-TG+TV_GNL_D,otros,50
1410,MEJILLONES_3-TG+TV_GNL_E,otros,50
1411,MEJILLONES_3-TG+TV_GNL_INF,otros,50
1412,NEHUENCO_1-FA_GNL_A,otros,191
1413,NEHUENCO_1-FA_GNL_B,otros,191
1414,NEHUENCO_1-FA_GNL_C,otros,191
1415,NEHUENCO_1-FA_GNL_D,otros,191
1416,NEHUENCO_1-FA_GNL_E,otros,191
1417,NEHUENCO_1-FA_GNL_F,otros,191
1418,NEHUENCO_1-FA_GNL_G,otros,191
1419,NEHUENCO_1-TG_GNL_A,otros,191
1420,NEHUENCO_1-TG_GNL_B,otros,191
1421,NEHUENCO_1-TG_GNL_C,otros,191
1422,NEHUENCO_1-TG_GNL_D,otros,191
1423,NEHUENCO_1-TG_GNL_E,otros,191
1424,NEHUENCO_1-TG_GNL_F,otros,191
1425,NEHUENCO_1-TG_GNL_G,otros,191
1426,NEHUENCO_1-TG_GNL_INF,otros,191
1427,NEHUENCO_1-TG+TV_GNL_A,otros,191
1428,NEHUENCO_1-TG+TV_GNL_B,otros,191
1429,NEHUENCO_1-TG+TV_GNL_C,otros,191
1430,NEHUENCO_1-TG+TV_GNL_D,otros,191
1431,NEHUENCO_1-TG+TV_GNL_E,otros,191
1432,NEHUENCO_1-TG+TV_GNL_F,otros,191
1433,NEHUENCO_1-TG+TV_GNL_G,otros,191
1434,NEHUENCO_1-TG+TV_GNL_INF,otros,191
1435,NEHUENCO_2-TG_GNL_A,otros,191
1436,NEHUENCO_2-TG_GNL_B,otros,191
1437,NEHUENCO_2-TG_GNL_C,otros,191
1438,NEHUENCO_2-TG_GNL_D,otros,191
1439,NEHUENCO_2-TG_GNL_E,otros,191
1440,NEHUENCO_2-TG_GNL_F,otros,191
1441,NEHUENCO_2-TG_GNL_G,otros,191
1442,NEHUENCO_2-TG_GNL_INF,otros,191
1443,NEHUENCO_2-TG+TV_GNL_A,otros,191
1444,NEHUENCO_2-TG+TV_GNL_B,otros,191
1445,NEHUENCO_2-TG+TV_GNL_C,otros,191
1446,NEHUENCO_2-TG+TV_GNL_D,otros,191
1447,NEHUENCO_2-TG+TV_GNL_E,otros,191
1448,NEHUENCO_2-TG+TV_GNL_F,otros,191
1449,NEHUENCO_2-TG+TV_GNL_G,otros,191
1450,NEHUENCO_2-TG+TV_GNL_INF,otros,191
1451,NEHUENCO_9B_GNL_A,otros,191
1452,NEHUENCO_9B_GNL_B,otros,191
1453,NEHUENCO_9B_GNL_C,otros,191
1454,NEHUENCO_9B_GNL_D,otros,191
1455,NEHUENCO_9B_GNL_E,otros,191
1456,NEHUENCO_9B_GNL_F,otros,191
1457,NEHUENCO_9B_GNL_G,otros,191
1458,NEHUENCO_9B_GNL_INF,otros,191
1459,NEWEN_GNL_A,otros,203
1460,NEWEN_GNL_B,otros,203
1461,NUEVA_RENCA-FA_GNL_A,otros,188
1462,NUEVA_RENCA-FA_GNL_B,otros,188
1463,NUEVA_RENCA-FA_GNL_INF,otros,188
1464,NUEVA_RENCA-FA_GNL_P,otros,188
1465,NUEVA_RENCA-TG+TV_GNL_A,otros,188
1466,NUEVA_RENCA-TG+TV_GNL_B,otros,188
1467,NUEVA_RENCA-TG+TV_GNL_C,otros,188
1468,NUEVA_RENCA-TG+TV_GNL_D,otros,188
1469,NUEVA_RENCA-TG+TV_GNL_E,otros,188
1470,NUEVA_RENCA-TG+TV_GNL_F,otros,188
1471,NUEVA_RENCA-TG+TV_GNL_INF,otros,188
1472,NUEVA_RENCA-TG+TV_GNL_P,otros,188
1473,LOS_VIENTOS_GNL_A,otros,152
1474,LOS_VIENTOS_GNL_B,otros,152
1475,LOS_VIENTOS_GNL_P,otros,152
1476,LOS_VIENTOS_GNL_INF,otros,152
1477,QUINTERO_1A_GNL_A,otros,183
1478,QUINTERO_1A_GNL_B,otros,183
1479,QUINTERO_1A_GNL_C,otros,183
1480,QUINTERO_1A_GNL_D,otros,183
1481,QUINTERO_1A_GNL_E,otros,183
1482,QUINTERO_1A_GNL_F,otros,183
1483,QUINTERO_1A_GNL_INF,otros,183
1484,QUINTERO_1B_GNL_A,otros,183
1485,QUINTERO_1B_GNL_B,otros,183
1486,QUINTERO_1B_GNL_C,otros,183
1487,QUINTERO_1B_GNL_D,otros,183
1488,QUINTERO_1B_GNL_E,otros,183
1489,QUINTERO_1B_GNL_F,otros,183
1490,QUINTERO_1B_GNL_INF,otros,183
1491,SAN_ISIDRO_2-TG_GNL_A,otros,191
1492,SAN_ISIDRO_2-TG_GNL_B,otros,191
1493,SAN_ISIDRO_2-TG_GNL_C,otros,191
1494,SAN_ISIDRO_2-TG_GNL_D,otros,191
1495,SAN_ISIDRO_2-TG_GNL_E,otros,191
1496,SAN_ISIDRO_2-TG_GNL_F,otros,191
1497,SAN_ISIDRO_2-TG_GNL_INF,otros,191
1498,SAN_ISIDRO_2-TG+TV_GNL_A,otros,191
1499,SAN_ISIDRO_2-TG+TV_GNL_B,otros,191
1500,SAN_ISIDRO_2-TG+TV_GNL_C,otros,191
1501,SAN_ISIDRO_2-TG+TV_GNL_D,otros,191
1502,SAN_ISIDRO_2-TG+TV_GNL_E,otros,191
1503,SAN_ISIDRO_2-TG+TV_GNL_F,otros,191
1504,SAN_ISIDRO_2-TG+TV_GNL_INF,otros,191
1505,SAN_ISIDRO_2-TG+TV-FSTVU_GNL_A,otros,191
1506,SAN_ISIDRO_2-TG+TV-FSTVU_GNL_B,otros,191
1507,SAN_ISIDRO_2-TG+TV-FSTVU_GNL_C,otros,191
1508,SAN_ISIDRO_2-TG+TV-FSTVU_GNL_D,otros,191
1509,SAN_ISIDRO_2-TG+TV-FSTVU_GNL_E,otros,191
1510,SAN_ISIDRO_2-TG+TV-FSTVU_GNL_F,otros,191
1511,SAN_ISIDRO_2-TG+TV-FSTVU_GNL_INF,otros,191
1512,SAN_ISIDRO-FA_GNL_A,otros,191
1513,SAN_ISIDRO-FA_GNL_B,otros,191
1514,SAN_ISIDRO-FA_GNL_C,otros,191
1515,SAN_ISIDRO-FA_GNL_D,otros,191
1516,SAN_ISIDRO-FA_GNL_E,otros,191
1517,SAN_ISIDRO-FA_GNL_F,otros,191
1518,SAN_ISIDRO-FA_GNL_INF,otros,191
1519,SAN_ISIDRO-TG_GNL_A,otros,191
1520,SAN_ISIDRO-TG_GNL_B,otros,191
1521,SAN_ISIDRO-TG_GNL_C,otros,191
1522,SAN_ISIDRO-TG_GNL_D,otros,191
1523,SAN_ISIDRO-TG_GNL_E,otros,191
1524,SAN_ISIDRO-TG_GNL_F,otros,191
1525,SAN_ISIDRO-TG_GNL_INF,otros,191
1526,SAN_ISIDRO-TG+TV_GNL_A,otros,191
1527,SAN_ISIDRO-TG+TV_GNL_B,otros,191
1528,SAN_ISIDRO-TG+TV_GNL_C,otros,191
1529,SAN_ISIDRO-TG+TV_GNL_D,otros,191
1530,SAN_ISIDRO-TG+TV_GNL_E,otros,191
1531,SAN_ISIDRO-TG+TV_GNL_F,otros,191
1532,SAN_ISIDRO-TG+TV_GNL_INF,otros,191
1533,SAN_ISIDRO-TG+TV-FSTVD_GNL_A,otros,191
1534,SAN_ISIDRO-TG+TV-FSTVD_GNL_B,otros,191
1535,SAN_ISIDRO-TG+TV-FSTVD_GNL_C,otros,191
1536,SAN_ISIDRO-TG+TV-FSTVD_GNL_D,otros,191
1537,SAN_ISIDRO-TG+TV-FSTVD_GNL_E,otros,191
1538,SAN_ISIDRO-TG+TV-FSTVD_GNL_F,otros,191
1539,SAN_ISIDRO-TG+TV-FSTVD_GNL_INF,otros,191
1540,TALTAL_1_GNL_A,otros,74
1541,TALTAL_1_GNL_B,otros,74
1542,TALTAL_1_GNL_C,otros,74
1543,TALTAL_1_GNL_D,otros,74
1544,TALTAL_1_GNL_E,otros,74
1545,TALTAL_1_GNL_INF,otros,74
1546,TALTAL_2_GNL_A,otros,74
1547,TALTAL_2_GNL_B,otros,74
1548,TALTAL_2_GNL_C,otros,74
1549,TALTAL_2_GNL_D,otros,74
1550,TALTAL_2_GNL_E,otros,74
1551,TALTAL_2_GNL_INF,otros,74
1552,TOCOPILLA_U16-TG_GNL_A,otros,90
1553,TOCOPILLA_U16-TG_GNL_B,otros,90
1554,TOCOPILLA_U16-TG_GNL_C,otros,90
1555,TOCOPILLA_U16-TG_GNL_D,otros,90
1556,TOCOPILLA_U16-TG_GNL_E,otros,90
1557,TOCOPILLA_U16-TG_GNL_INF,otros,90
1558,TOCOPILLA_U16-TG+TV_GNL_A,otros,90
1559,TOCOPILLA_U16-TG+TV_GNL_B,otros,90
1560,TOCOPILLA_U16-TG+TV_GNL_C,otros,90
1561,TOCOPILLA_U16-TG+TV_GNL_D,otros,90
1562,TOCOPILLA_U16-TG+TV_GNL_E,otros,90
1563,TOCOPILLA_U16-TG+TV_GNL_INF,otros,90
1564,TOCOPILLA-TG3_GNL_A,otros,89
1565,TOCOPILLA-TG3_GNL_B,otros,89
1566,TOCOPILLA-TG3_GNL_C,otros,89
1567,TOCOPILLA-TG3_GNL_D,otros,89
1568,TOCOPILLA-TG3_GNL_E,otros,89
1569,TOCOPILLA-TG3_GNL_INF,otros,89
1570,YUNGAY_U1_GNL_A,otros,113
1571,YUNGAY_U2_GNL_A,otros,113
1572,YUNGAY_U3_GNL_A,otros,113
1587,ATA-TG1A_DIE,otros,7
1588,ATA-TG1A+0.5TV1C_DIE,otros,7
1589,ATA-TG1A+TG1B+TV1C_DIE,otros,7
1590,ATA-TG1B_DIE,otros,7
1591,ATA-TG1B+0.5TV1C_DIE,otros,7
1592,ATA-TG2A_DIE,otros,7
1593,ATA-TG2A+0.5TV2C_DIE,otros,7
1594,ATA-TG2A+TG2B+TV2C_DIE,otros,7
1595,ATA-TG2B_DIE,otros,7
1596,ATA-TG2B+0.5TV2C_DIE,otros,7
1618,DEGAN_NAVE12,otros,134
1619,DEGAN_2,otros,134
1620,DEGAN_NAVE5,otros,134
1641,KELAR-TG1_DIE,otros,44
1642,KELAR-TG1+0.5TV_DIE,otros,44
1643,KELAR-TG1+TG2+TV_DIE,otros,44
1644,KELAR-TG2_DIE,otros,44
1645,KELAR-TG2+0.5TV_DIE,otros,44
1658,MEJILLONES_3-TG_DIE,otros,50
1659,MEJILLONES_3-TG+TV_DIE,otros,50
1660,NEHUENCO_1-TG+TV_DIE,otros,191
1661,NEHUENCO_2-TG+TV_DIE,otros,191
1666,NUEVA_RENCA-FA_GLP,otros,188
1667,NUEVA_RENCA-TG+TV_DIE,otros,188
1680,SAN_ISIDRO_2-TG_DIE,otros,191
1681,SAN_ISIDRO_2-TG+TV_DIE,otros,191
1682,SAN_ISIDRO_2-TG+TV-FSTVU_DIE,otros,191
1683,SAN_ISIDRO-TG_DIE,otros,191
1684,SAN_ISIDRO-TG+TV_DIE,otros,191
1685,SAN_ISIDRO-TG+TV-FSTVD_DIE,otros,191
1699,TOCOPILLA_U16-TG+TV_DIE,otros,90
1702,TOCOPILLA-TG3_DIE,otros,89
